support_tick_id,support_ticket_text,combined_text,zero_shot_top3,few_shot_top3,zero_top1,few_top1
ST2023-006,"My internet connection has significantly slowed down over the past two days, making it challenging to work efficiently from home. Frequent disconnections are causing major disruptions. Please assist in resolving this connectivity issue promptly.","My internet connection has significantly slowed down over the past two days, making it challenging to work efficiently from home. Frequent disconnections are causing major disruptions. Please assist in resolving this connectivity issue promptly.","[('Complaint', 0.5884302854537964), ('Feature Request', 0.11437445133924484), ('Account Access', 0.06227874383330345)]","[('Complaint', 0.3858220875263214), ('Account Access', 0.1349785178899765), ('Technical Bug', 0.1333002746105194)]",Complaint,Complaint
ST2023-007,"Urgent help required! My laptop refuses to start, and I have a crucial presentation scheduled for tomorrow. I've attempted a restart, but it hasn't worked. Please provide immediate assistance to resolve this hardware issue","Urgent help required! My laptop refuses to start, and I have a crucial presentation scheduled for tomorrow. I've attempted a restart, but it hasn't worked. Please provide immediate assistance to resolve this hardware issue","[('Complaint', 0.5362733006477356), ('Technical Bug', 0.11823228746652603), ('Feature Request', 0.08701496571302414)]","[('Complaint', 0.31917351484298706), ('Technical Bug', 0.17869576811790466), ('Account Access', 0.14265397191047668)]",Complaint,Complaint
ST2023-008,"I've accidentally deleted essential work documents, causing substantial data loss. I understand the need to avoid further actions on my device. Can you please prioritize the data recovery process and guide me through it?","I've accidentally deleted essential work documents, causing substantial data loss. I understand the need to avoid further actions on my device. Can you please prioritize the data recovery process and guide me through it?","[('Complaint', 0.5198385119438171), ('Delivery Issue', 0.10711483657360077), ('Feature Request', 0.10643160343170166)]","[('Complaint', 0.4263981282711029), ('Technical Bug', 0.1280578374862671), ('Account Access', 0.11166337132453918)]",Complaint,Complaint
ST2023-009,"Despite being in close proximity to my Wi-Fi router, the signal remains persistently weak in my home. This issue has been ongoing, and I need assistance troubleshooting it. Please help me resolve the weak Wi-Fi signal problem.","Despite being in close proximity to my Wi-Fi router, the signal remains persistently weak in my home. This issue has been ongoing, and I need assistance troubleshooting it. Please help me resolve the weak Wi-Fi signal problem.","[('Complaint', 0.4522739052772522), ('Feature Request', 0.16979026794433594), ('Technical Bug', 0.08531197905540466)]","[('Complaint', 0.40026649832725525), ('Technical Bug', 0.14560344815254211), ('Account Access', 0.12119386345148087)]",Complaint,Complaint
ST2023-010,"My smartphone battery is draining rapidly, even with minimal use. Can you help me identify and rectify this battery issue?","My smartphone battery is draining rapidly, even with minimal use. Can you help me identify and rectify this battery issue?","[('Complaint', 0.5383073091506958), ('Feature Request', 0.15424716472625732), ('Refund Request', 0.07239837944507599)]","[('Complaint', 0.44727325439453125), ('Account Access', 0.11898862570524216), ('Technical Bug', 0.10078295320272446)]",Complaint,Complaint
ST2023-011,I'm locked out of my online banking account and need immediate assistance in resetting my password for an urgent transaction.,I'm locked out of my online banking account and need immediate assistance in resetting my password for an urgent transaction.,"[('Account Access', 0.23501749336719513), ('Password Reset', 0.21249155700206757), ('Complaint', 0.19018696248531342)]","[('Password Reset', 0.5666700005531311), ('Account Access', 0.17976492643356323), ('Subscription Problem', 0.069489024579525)]",Account Access,Password Reset
ST2023-012,"My computer's performance is sluggish, severely impacting my work. I need help optimizing it to regain productivity.","My computer's performance is sluggish, severely impacting my work. I need help optimizing it to regain productivity.","[('Complaint', 0.4292871952056885), ('Feature Request', 0.10226364433765411), ('Delivery Issue', 0.09398937225341797)]","[('Complaint', 0.4068184792995453), ('Technical Bug', 0.1473037153482437), ('Account Access', 0.09487339109182358)]",Complaint,Complaint
ST2023-013,"I'm experiencing a recurring blue screen error on my PC, causing frequent crashes. Help me diagnose and resolve this hardware issue.","I'm experiencing a recurring blue screen error on my PC, causing frequent crashes. Help me diagnose and resolve this hardware issue.","[('Complaint', 0.4386224150657654), ('Technical Bug', 0.1652386486530304), ('Feature Request', 0.1528962105512619)]","[('Complaint', 0.34486719965934753), ('Technical Bug', 0.16711878776550293), ('Account Access', 0.11015698313713074)]",Complaint,Complaint
ST2023-014,My external hard drive isn't being recognized by my computer. I need assistance recovering vital data stored on it.,My external hard drive isn't being recognized by my computer. I need assistance recovering vital data stored on it.,"[('Complaint', 0.336175799369812), ('Feature Request', 0.19238919019699097), ('Account Access', 0.11030317842960358)]","[('Complaint', 0.4349938631057739), ('Account Access', 0.14493001997470856), ('Technical Bug', 0.11895779520273209)]",Complaint,Complaint
ST2023-015,"The graphics card in my gaming laptop seems to be malfunctioning, causing poor gaming performance. Can you assist in diagnosing and fixing this hardware issue?","The graphics card in my gaming laptop seems to be malfunctioning, causing poor gaming performance. Can you assist in diagnosing and fixing this hardware issue?","[('Complaint', 0.4454989731311798), ('Feature Request', 0.15335054695606232), ('Account Access', 0.10070698708295822)]","[('Complaint', 0.4078618884086609), ('Technical Bug', 0.18864469230175018), ('Account Access', 0.12670552730560303)]",Complaint,Complaint
ST2023-016,I accidentally formatted my USB drive with critical work files. Can you guide me through the data recovery process to retrieve these files?,I accidentally formatted my USB drive with critical work files. Can you guide me through the data recovery process to retrieve these files?,"[('Complaint', 0.3249446153640747), ('Feature Request', 0.2134350687265396), ('Technical Bug', 0.11328011751174927)]","[('Complaint', 0.394978791475296), ('Account Access', 0.12079329043626785), ('Technical Bug', 0.11911366879940033)]",Complaint,Complaint
ST2023-017,"My computer's screen has gone black, and I can't seem to fix it. Urgent assistance needed to get it up and running.","My computer's screen has gone black, and I can't seem to fix it. Urgent assistance needed to get it up and running.","[('Complaint', 0.3819340765476227), ('Technical Bug', 0.18590953946113586), ('Feature Request', 0.1390950083732605)]","[('Complaint', 0.28683575987815857), ('Technical Bug', 0.2724026143550873), ('Account Access', 0.11801738291978836)]",Complaint,Complaint
ST2023-018,"I accidentally spilled water on my laptop, and it won't turn on. Can you help me assess the damage and recover my data?","I accidentally spilled water on my laptop, and it won't turn on. Can you help me assess the damage and recover my data?","[('Complaint', 0.3150400221347809), ('Refund Request', 0.16475233435630798), ('Feature Request', 0.15052369236946106)]","[('Complaint', 0.29261162877082825), ('Account Access', 0.16402336955070496), ('Technical Bug', 0.14675451815128326)]",Complaint,Complaint
ST2023-019,"My USB flash drive is physically damaged, and I need assistance in recovering critical files from it.","My USB flash drive is physically damaged, and I need assistance in recovering critical files from it.","[('Complaint', 0.37884634733200073), ('Feature Request', 0.17325633764266968), ('Delivery Issue', 0.11385637521743774)]","[('Complaint', 0.3675658404827118), ('Account Access', 0.12981222569942474), ('Technical Bug', 0.11583132296800613)]",Complaint,Complaint
ST2023-020,"The touchpad on my laptop has stopped working, making it difficult to use. Can you help me troubleshoot this hardware issue?","The touchpad on my laptop has stopped working, making it difficult to use. Can you help me troubleshoot this hardware issue?","[('Complaint', 0.4475516676902771), ('Feature Request', 0.14516152441501617), ('Technical Bug', 0.1123688742518425)]","[('Complaint', 0.3871297538280487), ('Technical Bug', 0.17816683650016785), ('Account Access', 0.13033729791641235)]",Complaint,Complaint
ST2023-021,"My internet connection is frequently dropping, affecting my work. Urgent help needed.","My internet connection is frequently dropping, affecting my work. Urgent help needed.","[('Complaint', 0.5483945608139038), ('Technical Bug', 0.11054416000843048), ('Delivery Issue', 0.07646305114030838)]","[('Complaint', 0.35692864656448364), ('Technical Bug', 0.1672516167163849), ('Subscription Problem', 0.10222413390874863)]",Complaint,Complaint
ST2023-022,Wi-Fi is inconsistent despite proximity to the router. This is affecting my work. Help needed.,Wi-Fi is inconsistent despite proximity to the router. This is affecting my work. Help needed.,"[('Complaint', 0.6367841958999634), ('Technical Bug', 0.07869864255189896), ('Feature Request', 0.07698182016611099)]","[('Complaint', 0.41648778319358826), ('Technical Bug', 0.20624737441539764), ('Account Access', 0.1012229472398758)]",Complaint,Complaint
ST2023-023,I accidentally formatted my USB drive with crucial files. Help needed for data recovery.,I accidentally formatted my USB drive with crucial files. Help needed for data recovery.,"[('Complaint', 0.2815427780151367), ('Technical Bug', 0.17570452392101288), ('Delivery Issue', 0.1732073575258255)]","[('Complaint', 0.32658684253692627), ('Technical Bug', 0.2002439796924591), ('Account Access', 0.12010854482650757)]",Complaint,Complaint
ST2023-024,"My external hard drive isn't being recognized, and I need assistance recovering vital data.","My external hard drive isn't being recognized, and I need assistance recovering vital data.","[('Complaint', 0.36333829164505005), ('Feature Request', 0.17029260098934174), ('Account Access', 0.13255247473716736)]","[('Complaint', 0.34776201844215393), ('Account Access', 0.15420037508010864), ('Technical Bug', 0.12949953973293304)]",Complaint,Complaint
ST2023-025,"I am experiencing a critical problem with my internet connection over the past 24 hours. My internet speed has significantly slowed down, and I'm encountering frequent disconnections. This has made it nearly impossible for me to work from home effectively. I have tried restarting my router, but the issue persists.I rely heavily on a stable internet connection for my job, and this problem is causing substantial productivity loss. It's imperative to have this issue resolved promptly. I would greatly appreciate your urgent assistance in diagnosing and resolving this connectivity problem.I rely heavily on a stable internet connection for my job, and this problem is causing substantial productivity loss. It's imperative to have this issue resolved promptly. I would greatly appreciate your urgent assistance in diagnosing and resolving this connectivity problem.","I am experiencing a critical problem with my internet connection over the past 24 hours. My internet speed has significantly slowed down, and I'm encountering frequent disconnections. This has made it nearly impossible for me to work from home effectively. I have tried restarting my router, but the issue persists.I rely heavily on a stable internet connection for my job, and this problem is causing substantial productivity loss. It's imperative to have this issue resolved promptly. I would greatly appreciate your urgent assistance in diagnosing and resolving this connectivity problem.I rely heavily on a stable internet connection for my job, and this problem is causing substantial productivity loss. It's imperative to have this issue resolved promptly. I would greatly appreciate your urgent assistance in diagnosing and resolving this connectivity problem.","[('Complaint', 0.3412972092628479), ('Feature Request', 0.12912717461585999), ('Technical Bug', 0.11271292716264725)]","[('Complaint', 0.5010518431663513), ('Technical Bug', 0.09303272515535355), ('Account Access', 0.0851682648062706)]",Complaint,Complaint
ST2023-026,"I hope this message finds you well. I am writing to report a perplexing issue I've encountered with my work computer in recent days. 
The problem seems to involve a combination of unusual software behavior and unexpected data loss.
Over the past week, I've observed that certain software applications on my computer have been 
behaving erratically. For example, some applications freeze randomly, while others exhibit unexplained crashes. Additionally, 
I've noticed that some files and documents that were previously saved on my desktop have mysteriously 
disappeared. These issues are causing significant disruptions to my daily tasks and workflow.
While I don't have specific instructions on how to resolve this complex problem,
I suspect there may be an underlying issue with the system or software compatibility. 
I kindly request your expertise and assistance in thoroughly diagnosing this intricate problem. 
Your insights and guidance would be greatly appreciated. If you require any additional information 
or access to my computer for remote diagnostics, please do not hesitate to let me know.
I understand that this issue may require some time and effort to address, and I am fully prepared 
to cooperate and provide any necessary information to facilitate the resolution process. Thank you in advance for your attention to this matter, and I look forward to your response.","I hope this message finds you well. I am writing to report a perplexing issue I've encountered with my work computer in recent days. 
The problem seems to involve a combination of unusual software behavior and unexpected data loss.
Over the past week, I've observed that certain software applications on my computer have been 
behaving erratically. For example, some applications freeze randomly, while others exhibit unexplained crashes. Additionally, 
I've noticed that some files and documents that were previously saved on my desktop have mysteriously 
disappeared. These issues are causing significant disruptions to my daily tasks and workflow.
While I don't have specific instructions on how to resolve this complex problem,
I suspect there may be an underlying issue with the system or software compatibility. 
I kindly request your expertise and assistance in thoroughly diagnosing this intricate problem. 
Your insights and guidance would be greatly appreciated. If you require any additional information 
or access to my computer for remote diagnostics, please do not hesitate to let me know.
I understand that this issue may require some time and effort to address, and I am fully prepared 
to cooperate and provide any necessary information to facilitate the resolution process. Thank you in advance for your attention to this matter, and I look forward to your response.","[('Complaint', 0.28881052136421204), ('Feature Request', 0.15580794215202332), ('Technical Bug', 0.13489408791065216)]","[('Complaint', 0.23844535648822784), ('Account Access', 0.13498826324939728), ('Password Reset', 0.1254650354385376)]",Complaint,Complaint
